Scenario,State,Provisional_domain,P_sel,W_candidate,Median_Z_candidate,T_joint,p_permutation,q_BH,identified,Classification,Expected_rank
Baseline,Hamburg,Energy,0.635,0.6183,-0.2826558112584527,0.2826558112584527,0.0001999600079984003,0.00021329067519829366,False,Multidomain,5.964
Baseline,Bayern,Climate,0.7303,0.7902,-0.7296286672903791,0.7296286672903791,0.0001999600079984003,0.00021329067519829366,True,Climate,7.9655
Baseline,Hessen,Energy,0.4846,0.6071,-0.21442868606344645,0.21442868606344645,0.0001999600079984003,0.00021329067519829366,False,Multidomain,7.4765
Baseline,Baden-Württemberg,Climate,0.7207,0.7963,-0.7711681495773032,0.7711681495773032,0.0001999600079984003,0.00021329067519829366,True,Climate,8.2365
Baseline,Niedersachsen,Climate,0.3919,0.3932,0.2194172904365853,-0.2194172904365853,0.0001999600079984003,0.00021329067519829366,False,Multidomain,6.563
Baseline,Bremen,Climate,0.3732,0.252,0.6331243794506607,-0.6331243794506607,0.7080583883223356,0.7080583883223356,False,Multidomain,5.27
Baseline,Nordrhein-Westfalen,Energy,0.5263,0.8412,-0.7672772368318603,0.23689637137295128,0.0001999600079984003,0.00021329067519829366,False,Multidomain,9.7335
Baseline,Berlin,Energy,0.4998,0.7177,-0.5175172503559329,0.5175172503559329,0.0001999600079984003,0.00021329067519829366,False,Multidomain,8.2235
Baseline,Schleswig-Holstein,Adaptive,0.4232,0.4852,0.02754861414199306,-0.02754861414199306,0.0001999600079984003,0.00021329067519829366,False,Multidomain,7.514
Baseline,Rheinland-Pfalz,Energy,0.4364,0.738,-0.5089963669640019,0.0694073030271537,0.0001999600079984003,0.00021329067519829366,False,Multidomain,9.646
Baseline,Saarland,Adaptive,0.4364,0.6985,-0.39810279123404724,0.24811327914796985,0.0001999600079984003,0.00021329067519829366,False,Multidomain,9.493
Baseline,Thüringen,Adaptive,0.5418,0.8084,-0.695091412892715,0.5264194735586738,0.0001999600079984003,0.00021329067519829366,False,Multidomain,10.13
Baseline,Brandenburg,Climate,0.6815,0.6323,-0.3819397526347601,0.3819397526347601,0.0001999600079984003,0.00021329067519829366,False,Multidomain,7.9645
Baseline,Mecklenburg-Vorpommern,Adaptive,0.6092,0.6667,-0.36703885517076396,0.36703885517076396,0.0001999600079984003,0.00021329067519829366,False,Multidomain,8.3355
Baseline,Sachsen,Climate,0.5037,0.6866,-0.4413752390248581,0.23476433223878895,0.0001999600079984003,0.00021329067519829366,False,Multidomain,10.1085
Baseline,Sachsen-Anhalt,Adaptive,0.5053,0.9653,-1.4406965367070816,0.2896494601619011,0.0001999600079984003,0.00021329067519829366,False,Multidomain,13.376
National Pool,Hamburg,Energy,0.7148,0.6621,-0.39200102725643193,0.39200102725643193,0.0001999600079984003,0.00021329067519829366,True,Energy,5.1515
National Pool,Bayern,Climate,0.8108,0.8654,-0.8951083435593951,0.8951083435593951,0.0001999600079984003,0.00021329067519829366,True,Climate,8.209
National Pool,Hessen,Energy,0.5139,0.6309,-0.25183035906164125,0.25183035906164125,0.0001999600079984003,0.00021329067519829366,False,Multidomain,7.162
National Pool,Baden-Württemberg,Climate,0.8324,0.8951,-1.0308309307860908,1.0308309307860908,0.0001999600079984003,0.00021329067519829366,True,Climate,8.689
National Pool,Niedersachsen,Climate,0.361,0.346,0.2704158127157858,-0.2704158127157858,0.005398920215956809,0.005398920215956809,False,Multidomain,6.1955
National Pool,Bremen,Energy,0.3913,0.285,0.5635833793161893,-0.5635833793161893,0.0001999600079984003,0.00021329067519829366,False,Multidomain,4.535
National Pool,Nordrhein-Westfalen,Energy,0.5525,0.8692,-0.8066731487628862,0.2122783672751427,0.0001999600079984003,0.00021329067519829366,False,Multidomain,9.5015
National Pool,Berlin,Energy,0.4592,0.7118,-0.5073573239917526,0.27897450639391386,0.0001999600079984003,0.00021329067519829366,False,Multidomain,8.584
National Pool,Schleswig-Holstein,Adaptive,0.4523,0.5129,-0.025837116511502257,0.025837116511502257,0.0001999600079984003,0.00021329067519829366,False,Multidomain,7.0825
National Pool,Rheinland-Pfalz,Energy,0.4626,0.7463,-0.4989867276194527,0.05785067910857872,0.0001999600079984003,0.00021329067519829366,False,Multidomain,9.4275
National Pool,Saarland,Adaptive,0.4612,0.7034,-0.4131167785075971,0.31980675211375437,0.0001999600079984003,0.00021329067519829366,False,Multidomain,9.7535
National Pool,Thüringen,Adaptive,0.5766,0.8235,-0.7018782091250175,0.5144347115751904,0.0001999600079984003,0.00021329067519829366,False,Multidomain,10.204
National Pool,Brandenburg,Climate,0.7411,0.7121,-0.5641009624234194,0.5641009624234194,0.0001999600079984003,0.00021329067519829366,True,Climate,8.342
National Pool,Mecklenburg-Vorpommern,Adaptive,0.67,0.694,-0.4329684821192623,0.4329684821192623,0.0001999600079984003,0.00021329067519829366,False,Multidomain,7.939
National Pool,Sachsen,Climate,0.65,0.8493,-0.7221835248842412,0.586431579647364,0.0001999600079984003,0.00021329067519829366,False,Multidomain,11.203
National Pool,Sachsen-Anhalt,Adaptive,0.4719,0.9687,-1.468933738320231,0.27012810284238187,0.0001999600079984003,0.00021329067519829366,False,Multidomain,14.021
Adjacency Flow,Hamburg,Energy,0.6906,0.6268,-0.3073322474064845,0.3073322474064845,0.0001999600079984003,0.0001999600079984003,False,Multidomain,4.9145
Adjacency Flow,Bayern,Climate,0.8202,0.8685,-0.9015956962863644,0.9015956962863644,0.0001999600079984003,0.0001999600079984003,True,Climate,8.362
Adjacency Flow,Hessen,Energy,0.5003,0.5982,-0.1925895144507639,0.1925895144507639,0.0001999600079984003,0.0001999600079984003,False,Multidomain,6.935
Adjacency Flow,Baden-Württemberg,Climate,0.8268,0.8926,-1.0369211289305005,1.0369211289305005,0.0001999600079984003,0.0001999600079984003,True,Climate,8.8445
Adjacency Flow,Niedersachsen,Climate,0.3712,0.3629,0.2518636112323882,-0.2518636112323882,0.0001999600079984003,0.0001999600079984003,False,Multidomain,6.153
Adjacency Flow,Bremen,Energy,0.3934,0.2852,0.5557495429495725,-0.5557495429495725,0.0001999600079984003,0.0001999600079984003,False,Multidomain,4.4215
Adjacency Flow,Nordrhein-Westfalen,Energy,0.5222,0.8107,-0.6331485319373172,0.16664721995392862,0.0001999600079984003,0.0001999600079984003,False,Multidomain,9.1175
Adjacency Flow,Berlin,Energy,0.4951,0.763,-0.6434088375380891,0.48893778604618104,0.0001999600079984003,0.0001999600079984003,False,Multidomain,8.7675
Adjacency Flow,Schleswig-Holstein,Adaptive,0.4415,0.496,0.009153994756140168,-0.009153994756140168,0.0001999600079984003,0.0001999600079984003,False,Multidomain,7.0915
Adjacency Flow,Rheinland-Pfalz,Energy,0.521,0.8585,-0.8207712036719247,0.12741394932858552,0.0001999600079984003,0.0001999600079984003,False,Multidomain,10.216
Adjacency Flow,Saarland,Adaptive,0.4601,0.6929,-0.3888260090823392,0.34576162268663085,0.0001999600079984003,0.0001999600079984003,False,Multidomain,9.5555
Adjacency Flow,Thüringen,Adaptive,0.5756,0.8364,-0.7533466745308866,0.45950906281615844,0.0001999600079984003,0.0001999600079984003,False,Multidomain,10.3775
Adjacency Flow,Brandenburg,Climate,0.7402,0.7185,-0.5811129770344263,0.5811129770344263,0.0001999600079984003,0.0001999600079984003,True,Climate,8.206
Adjacency Flow,Mecklenburg-Vorpommern,Adaptive,0.6538,0.6707,-0.37734967347474585,0.37734967347474585,0.0001999600079984003,0.0001999600079984003,False,Multidomain,7.931
Adjacency Flow,Sachsen,Climate,0.6638,0.8537,-0.7600985668053735,0.6545533804784437,0.0001999600079984003,0.0001999600079984003,False,Multidomain,11.189
Adjacency Flow,Sachsen-Anhalt,Adaptive,0.4706,0.9584,-1.416627493631943,0.3324737546242891,0.0001999600079984003,0.0001999600079984003,False,Multidomain,13.918
